company_name,crawled_date,job_description,job_title,job_url,posted_date
,2019-03-07 17:04:59,"ГАЗПРОМ, ПАОПАО «Газпром» — глобальная энергетическая компания. Основные направления деятельности — геологоразведка, добыча, транспортировка, хранение, переработка и реализация газа и других углеводородов, а также производство и сбыт электрической и тепловой энергии. Государство является собственником контрольного пакета акций «Газпрома» — 50,002% Газпром видит свою миссию в максимально эффективном и сбалансированном газоснабжении потребителей Российской Федерации, выполнении с высокой степенью надежности долгосрочных контрактов по экспорту газа. Одной из стратегических целей «Газпрома» является повышение надежности поставок газа европейским потребителям. С этой целью «Газпром» является инициатором реализации новых газотранспортных проектов «Северный поток» и  «Южный поток», которые позволят не только диверсифицировать маршруты экспорта российского газа, но и обеспечить дополнительные возможности для увеличения экспорта газа. Продолжается подготовка к реализации проекта освоения Штокмановского месторождения на шельфе Баренцева моря, которое станет ресурсной базой для экспорта российского газа в Европу через «Северный поток». «Газпром» реализует поэтапную стратегию наращивания своего присутствия на рынке сжиженного природного газа (СПГ). Это позволяет расширять географию деятельности компании. В 2005 году «Газпром» осуществил первые поставки СПГ в США, в 2006 году — в Великобританию, Японию и Южную Корею. Вхождение «Газпрома» в проект «Сахалин-2» дает мощный импульс для завершения масштабного проекта в области поставок энергоносителей в страны АТР и Северной Америки. В феврале 2009 года на Сахалине начал работу первый в России завод СПГ. «Газпром» предоставляет широкие возможности для раскрытия собственного потенциала и карьерного роста своих сотрудников. Наш коллектив — это команда профессионалов, которая реализует стратегическую цель «Газпрома» — становление как одного из лидеров среди глобальных мировых компаний. Мы приветствуем появление в своих рядах специалистов, чья энергия и профессиональные знания будут способствовать в достижении «Газпромом» своих амбициозных целей.       Вакансии:    44      		  ‹‹‹ ‹  12  › ›››  	 	      Вакансии с %d по %d из %d                            07.03.2019             г. Санкт-Петербург                  Главный экономист отдела по работе с инвесторами                                      07.03.2019             г. Санкт-Петербург                  Главный экономист отдела кредитов и гарантий                                      07.03.2019             г. Санкт-Петербург                  Главный эксперт отдела реализации сделок с иностранными партнерами                                      01.03.2019             г. Санкт-Петербург                  Главный эксперт отдела развития проектов малотоннажного СПГ                                      01.03.2019             г. Санкт-Петербург                  Ведущий эксперт отдела реализации сделок с иностранными партнерами                                      01.03.2019             г. Санкт-Петербург                  Секретарь Управления                                      21.02.2019             Санкт-Петербург                  Главный специалист отдела специальной и технической информации                                      21.02.2019             Санкт-Петербург                  Главный (ведущий) специалист по контролю эффективности экспортной деятельности                                      21.02.2019             Санкт-Петербург                  Главный технолог (отдел по разработке производственных программ повышения надежности газотранспортной системы)                                      18.02.2019             г. Санкт-Петербург                  Главный эксперт отдела реализации проектов крупнотоннажного СПГ                                      14.02.2019             г. Санкт-Петербург                  Секретарь в Филиале ПАО ""Газпром"" в г. Санкт-Петербурге                                      08.02.2019                               Главный специалист (отдела социального обеспечения)                                      05.02.2019             Санкт-Петербург                  Главный технолог отдела промысловой геофизики                                      23.01.2019             Санкт-Петербург                  Главный специалист (управление персоналом, согласование назначений)                                      29.12.2018             г. Санкт-Петербург                  Главный специалист отдела макроэкономического и институционального анализа                                      24.12.2018             Санкт-Петербург                  Главный специалист (отдел мониторинга и коммерческого контроля экспортной деятельности)                                      17.12.2018             г. Санкт-Петербург                  Главный экономист отдела формирования и анализа исполнения консолидированных показателей Группы Газпром                                      13.12.2018             Санкт-Петербург                  Главный юрисконсульт (отдел правового сопровождения деятельности органов управления и взаимодействия с ДО)                                      12.12.2018             Санкт-Петербург                  Ведущий юрисконсульт (отдел правового обеспечения договорной работы)                                      12.12.2018             Санкт-Петербург                  Главный юрисконсульт (отдел договорного сопровождения)                                      26.11.2018             г. Санкт-Петербург                  Главный технолог (работа с нефтеперерабатывающими предприятиями)                                      26.11.2018             г. Санкт-Петербург                  Главный специалист отдела экономического обоснования программ развития                                      26.11.2018             г. Санкт-Петербург                  Главный специалист управления долгосрочных программ развития (аналитик)                                      23.11.2018             Санкт-Петербург                  Главный специалист / HR Generalist                                      19.11.2018                               Главный специалист / Специалист по кадровой отчетности                                      16.11.2018             г. Санкт-Петербург                  Делопроизводитель Филиала ПАО ""Газпром""                                      14.11.2018                               Главный экономист (труд и заработная плата)                                      14.11.2018                               Ведущий специалист (кадровое делопроизводство)                                      23.10.2018                               Ведущий специалист (социальное обеспечение пенсионеров)                                      15.10.2018             Санкт-Петербург                  Ведущий эксперт (методология и внедрения внутреннего контроля)                   		  ‹‹‹ ‹  12  › ›››",,https://www.gazpromvacancy.ru/companies/gazprom-pao/,
"Газпром трансгаз Ухта, ООО",2019-03-07 17:05:03,"Электрогазосварщик 6 разряда участка сварочно-монтажных работ Синдорского ЛПУМГ          Работодатель      Газпром трансгаз Ухта, ООО      Дислокация      Княжпогостский район, п. Синдор      Регион                    Республика Коми                  Режим работы            Постоянная работа           Дата публикации                    25 февраля 2019 года                  ID вакансии      2758                     Обязанности       1. Ручная дуговая и плазменная сварка сложных аппаратов, узлов, конструкций и трубопроводов из различных сталей, цветных металлов и сплавов; 2. Ручная дуговая и газоэлектрическая сварка сложных строительных и технологических конструкций, работающих под динамическими и вибрационными нагрузками, и конструкций сложной конфигурации;3. Сварка экспериментальных конструкций из металлов и сплавов с ограниченной свариваемостью, а также из титана и титановых сплавов;4. Сварка сложных конструкций в блочном исполнении во всех пространственных положениях.                           Требования       1. Среднее профессиональное образование;2. Наличие удостоверения рабочего по данной профессии.",Электрогазосварщик 6 разряда участка сварочно-монтажных работ Синдорского ЛПУМГ,https://www.gazpromvacancy.ru/job/ehlektrogazosvarshchik-6-razrjada-uchastka-svarochno-montazhn/,"
              25 февраля 2019 года
            "
"Газпром трансгаз Ухта, ООО",2019-03-07 17:05:06,"Слесарь по КИП и А 6 разряда Службы АСУ, автоматики и телемеханики Синдорского ЛПУМГ          Работодатель      Газпром трансгаз Ухта, ООО      Дислокация      Княжпогостский район, п. Синдор      Регион                    Республика Коми                  Режим работы            Постоянная работа           Дата публикации                    25 февраля 2019 года                  ID вакансии      2759                     Обязанности       1. Ремонт, регулировка, монтаж, испытание, наладка, юстировка и тарировка экспериментальной, опытной и уникальной теплоизмерительной, автоматической и электронной аппаратуры, проекционных и оптических систем, радиоактивных приборов, агрегатов, радиостанций, пеленгаторов, радарных установок;2. Выявление и устранение дефектов в работе аппаратуры;3. Определение степени износа деталей и узлов;4. Наладка и комплексное опробование после монтажных схем теплового контроля и автоматики котлов, турбин и технологического оборудования;5. Сборка схем для проверки устройств тепловой автоматики.                           Требования       1. Среднее профессиональное образование;2. Наличие удостоверения рабочего по данной профессии.","Слесарь по КИП и А 6 разряда Службы АСУ, автоматики и телемеханики Синдорского ЛПУМГ",https://www.gazpromvacancy.ru/job/slesar-po-kip-i-a-6-razrjada-sluzhby-asu-avtomatiki-i-te/,"
              25 февраля 2019 года
            "
"Газпром трансгаз Ухта, ООО",2019-03-07 17:05:10,"Слесарь механосборочных работ Юбилейного ЛПУМГ          Работодатель      Газпром трансгаз Ухта, ООО      Дислокация      Тотемский район, п. Юбилейный      Регион                    Вологодская область                  Режим работы            Постоянная работа           Дата публикации                    25 февраля 2019 года                  ID вакансии      2760                     Обязанности       1. Устранение дефектов, обнаруженных при сборке и испытании узлов агрегатов и машин;2. Запрессовка деталей на гидравлических и винтовых механических прессах;3. Работа по сборке, регулировке, испытанию и сдаче в соответствии с  техническими условиями особо сложных и ответственных станков, агрегатов и аппаратов;4. Работы, связанные с электрогазорезкой и прихваткой деталей;5. Обработка, обдирка, полировка, точка и шлифовка твердыми абразивными кругами, мягкими кругами и полотнами с нанесенными на них абразивными порошками сухим способом.                           Требования       1. Специальное образование по профилю.",Слесарь механосборочных работ Юбилейного ЛПУМГ,https://www.gazpromvacancy.ru/job/slesar-mekhanosborochnykh-rabot-jubileinogo-lpumg/,"
              25 февраля 2019 года
            "
"Газпром трансгаз Ухта, ООО",2019-03-07 17:05:14,"Слесарь-ремонтник Юбилейного ЛПУМГ          Работодатель      Газпром трансгаз Ухта, ООО      Дислокация      Тотемский район, п. Юбилейный      Регион                    Вологодская область                  Режим работы            Постоянная работа           Дата публикации                    25 февраля 2019 года                  ID вакансии      2761                     Обязанности       1. Обслуживание системы теплоснабжения, находящейся в зоне ответственности службы ТВС: утилизационные теплообменные аппараты, подводящие и отводящие трубопроводы с запорной арматурой и предохранительными клапанами; сети утилизации и тепловые сети, тепловые пункты и системы отопления в зданиях; оборудование ТНС, котельных промплощадки: КНС, ДНС, пожарный резервуар, котельная, ТНС, ВНС 2-го  подъема, сети  водоснабжения и  водо-отведения, газопроводы низкого и среднего давления, предназначенные для газоснабжения котельной промплощадки;2. Обслуживание системы водоснабжения и водоотведения, находящейся в зоне ответственности службы ТВС: арт. скважины, насосные станции 2-го подъема, станции подготовки питьевой воды, пожарные и хозпитьевые водопроводы; водопроводные  колодцы и расположенную в них запорную арматуру, пожгидранты; канализационные и дренажные сети  и колодцы на них; оборудование ДНС, КНС, КОС (без систем автоматики и электроснабжения);3. Обслуживание системы газораспределения и газопотребления, находящиеся в зоне ответственности службы ТВС внутриплощадочные газопроводы: от УПТИГа 5-цеха до блок-модульной котельной. Газовое оборудование и газо-проводы в котельных с запорной и предохранительной арматурой;4. Обслуживание системы вентиляции, закрепленной за службой ТВС;5. Обслуживание сантехнического оборудования зданий;6. Осмотры, обходы оборудования, контроль соблюдения эксплуатационных инструкций, наличия и соответствия нумерации на арматуре технологическим  схемам, проведение оценки технического состояния оборудования. Регулирование, наладка, очистка, смазка, замена вышедших из строя деталей без значительной разборки, устранение мелких дефектов;7. Участие в устранении аварий и инцидентов на оборудовании, находящемся в эксплуатационной ответственности службы ТВС.                           Требования       1. Специальное образование по профилю.",Слесарь-ремонтник Юбилейного ЛПУМГ,https://www.gazpromvacancy.ru/job/slesar-remontnik-jubileinogo-lpumg/,"
              25 февраля 2019 года
            "
"Газпром трансгаз Ухта, ООО",2019-03-07 17:05:17,"Такелажник Юбилейного ЛПУМГ          Работодатель      Газпром трансгаз Ухта, ООО      Дислокация      Тотемский район, п. Юбилейный      Регион                    Вологодская область                  Режим работы            Постоянная работа           Дата публикации                    25 февраля 2019 года                  ID вакансии      2762                     Обязанности       1. Обслуживание грузоподъемных механизмов;2. Такелажные работы по горизонтальному и вертикальному перемещению грузов;3. Перемещение и укладка материалов, оборудования, требующих особой точности, ответственности и аккуратности в работе с использованием кранов, лебедок, талей и других специальных приспособлений;4. Погрузка и выгрузка c автомашин, контейнеров различных грузов, стеклянной посуды, приборов, баллонов, химических реагентов как в отдельной упаковке, так и в общей таре, строительных материалов, сыпучих и пылящих грузов;5. Перемещение материальных ценностей к местам хранения вручную или с помощью механизмов с сортировкой их по видам, качеству и другим признакам.                           Требования       1. Специальное образование по профилю.",Такелажник Юбилейного ЛПУМГ,https://www.gazpromvacancy.ru/job/takelazhnik-jubileinogo-lpumg/,"
              25 февраля 2019 года
            "
"Газпром трансгаз Ухта, ООО",2019-03-07 17:05:20,"Электромонтер по ремонту воздушных линий электропередачи Юбилейного ЛПУМГ          Работодатель      Газпром трансгаз Ухта, ООО      Дислокация      Тотемский район, п. Юбилейный      Регион                    Вологодская область                  Режим работы            Постоянная работа           Дата публикации                    25 февраля 2019 года                  ID вакансии      2764                     Обязанности       1. Работы по техническому обслуживанию, ремонту, монтажу и демонтажу электрооборудования до и свыше 1000 В, трансформаторных подстанций, автономных источников электроснабжения, электростанций и распределительных устройств по трассе МГ с применением специальных ремонтно-монтажных механизмов, приспособлений, грузоподъемных машин, такелажной оснастки, средств измерений и защитных средств любой сложности;2. Работы по техническому обслуживанию, ремонту, монтажу и демонтажу электрооборудования ГРС ""Тотьма"", ""Погост"";3. Электроизмерения на электрооборудовании по трассе газопровода;4. Наладка схем и устранение дефектов в устройствах защиты и автоматики средств электроснабжения вдольтрассовых потребителей электроэнергии;5. Работы по ремонту, монтажу, демонтажу и ревизии кабельных линий до и свыше 1000 В;6. Проверка исправности средств индивидуальной и коллективной защиты от поражения электрическим током до и свыше 1000 В;7. Работы по ремонту, монтажу и демонтажу защитного заземления КТП мощностью до 400 кВА.                           Требования       1. Специальное образование по профилю.",Электромонтер по ремонту воздушных линий электропередачи Юбилейного ЛПУМГ,https://www.gazpromvacancy.ru/job/ehlektromonter-po-remontu-vozdushnykh-linii-ehlektropere/,"
              25 февраля 2019 года
            "
"Газпром трансгаз Ухта, ООО",2019-03-07 17:05:24,"Электромонтер по ремонту и обслуживанию электрооборудования Юбилейного ЛПУМГ          Работодатель      Газпром трансгаз Ухта, ООО      Дислокация      Тотемский район, п. Юбилейный      Регион                    Вологодская область                  Режим работы            Постоянная работа           Дата публикации                    25 февраля 2019 года                  ID вакансии      2765                     Обязанности       1. Оперативное управление и обслуживание электроустановок промплощадок: КС-16; КЦ №5; КС «Новоюбилейная» цех №6; ЭСН; прочих объектов, закрепленных за службой ЭС;2. Разборка и сборка схемы вторичной коммутации и сложной релейной защиты: диффазной, дистанционной, автоматического включения резерва (АВР) и др.;3. Наладка, регулировка и ремонт особо сложных и экспериментальных схем технологического оборудования, а также сложных электрических схем автоматических линий;4. Наладка особо сложных дистанционных защит, а также устройства автоматического включения резерва.                           Требования       1. Специальное образование по профилю.",Электромонтер по ремонту и обслуживанию электрооборудования Юбилейного ЛПУМГ,https://www.gazpromvacancy.ru/job/ehlektromonter-po-remontu-i-obsluzhivaniju-ehlektrooboru-4/,"
              25 февраля 2019 года
            "
"Газпром трансгаз Ухта, ООО",2019-03-07 17:05:28,"Инженер 2 категории КС Новосиндорская Синдорского ЛПУМГ          Работодатель      Газпром трансгаз Ухта, ООО      Дислокация      Княжпогостский район, п. Синдор      Регион                    Республика Коми                  Режим работы            Постоянная работа           Дата публикации                    25 февраля 2019 года                  ID вакансии      2766                     Обязанности       1. Контроль качества и хода работ персонала, занятого эксплуатацией и ремонтом электрооборудования. Обеспечение четкой, бесперебойной работы закрепленного электрооборудования, правильной эксплуатации, своевременного, качественного ремонта и модернизации;2. Составление паспорта на оборудование, спецификации по технической эксплуатации электрооборудования, инструкции по эксплуатации на высокопроизводительное оборудование;3. Освидетельствование, испытание, проверка работоспособности закрепленного электрооборудования в соответствии с действующими нормами и правилами;4. Ведение технической документации по эксплуатации, ремонту, наладке закрепленного электрооборудования, своевременное внесение изменений в схемы, техдокументацию;5. Подготовка календарных графиков ППР, проверок и поверок электрооборудования, заявок на получение необходимых для планово-предупредительных ремонтов материалов, запасных частей, инструмента и т.д.;6. Контроль технического состояния энергетических установок, воздушных и кабельных ЛЭП и обеспечение своевременного устранения дефектов.                           Требования       1. Высшее профессиональное образование;2. Стаж работы не менее 3-х лет в качестве инженера.",Инженер 2 категории КС Новосиндорская Синдорского ЛПУМГ,https://www.gazpromvacancy.ru/job/inzhener-2-kategorii-ks-novosindorskaja-sindorskogo-lpu/,"
              25 февраля 2019 года
            "
"Газпром трансгаз Ухта, ООО",2019-03-07 17:05:32,"Электромонтер линейных сооружений телефонной связи и радиофикации 4 разряда Шекснинского ЛПУМГ          Работодатель      Газпром трансгаз Ухта, ООО      Дислокация      г. Череповец      Регион                    Вологодская область                  Режим работы            Постоянная работа           Дата публикации                    25 февраля 2019 года                  ID вакансии      2767                     Обязанности       1. Ремонт телефонных аппаратов, установка и включение дополнительных телефонных аппаратов по специальной схеме;2. Определение места повреждения кабелей при наличии исправных жил. Проведение измерения сопротивления заземления, потенциалов на оболочках кабелей;3. Выполнение работ по эксплуатационно-техническому обслуживанию и развитию линейных сооружений в местах сближения и пересечения с линиями высотного напряжения.                           Требования       1. Среднее профессиональное образование;2. Удостоверение электромонтера 4 разряда.",Электромонтер линейных сооружений телефонной связи и радиофикации 4 разряда Шекснинского ЛПУМГ,https://www.gazpromvacancy.ru/job/ehlektromonter-lineinykh-sooruzhenii-telefonnoi-svjazi-i-1/,"
              25 февраля 2019 года
            "
,2019-03-07 17:05:35,"Газпром трансгаз Ухта, ООО100-процентное дочернее газотранспортное предприятие ПАО «Газпром». (прежнее название — ООО «Севергазпром») Основными задачами Общества являются транспорт газа по системе магистральных газопроводов, бесперебойная поставка газа промышленным и коммунально-бытовым потребителям. ООО «Газпром трансгаз Ухта» оказывает прямое влияние на социально-экономическое развитие всего Северо-Западного региона России. Эксплуатируемая ООО «Газпром трансгаз Ухта» газотранспортная система проходит через территорию Северо-Запада Российской Федерации от Бованенковского месторождения на Ямале и самой северной в мире компрессорной станции «Байдарацкая» до западных границ России. Создаваемая в границах деятельности Общества новая газотранспортная система, начиная с третьего квартала 2012 года, постепенно становится ключевым звеном Единой системы газоснабжения России. Протяжённость газотранспортной системы ООО «Газпром трансгаз Ухта» в однониточном исполнении составляет 15,4 тысячи км. В границах производственной деятельности общества эксплуатируется 10 автомобильных газонаполнительных компрессорных станций. В составе Общества 24 филиала, в том числе 14 линейных производственных управлений магистральных газопроводов, 44 компрессорные станции, работают 85 компрессорных цехов. В компрессорных цехах установлено 417 газоперекачивающих агрегатов общей установленной мощностью 5 874,6 МВт. Распределение газа потребителям осуществляется через 174 газораспределительные станции. Обществом внедрены система менеджмента качества ISO 9001:2008 и система экологического менеджмента ISO 14001:2004. Коллектив предприятия насчитывает более 13 тысяч рабочих и специалистов, работающих как в базовом для «Газпром трансгаз Ухта» городе Ухте, так и в филиалах и подразделениях Общества на всём протяжении газотранспортной системы.       Вакансии:    31      		  ‹‹‹ ‹  12  › ›››  	 	      Вакансии с %d по %d из %d                            25.02.2019             г. Череповец                  Электромонтер линейных сооружений телефонной связи и радиофикации 4 разряда Шекснинского ЛПУМГ                                      25.02.2019             Княжпогостский район, п. Синдор                  Инженер 2 категории КС Новосиндорская Синдорского ЛПУМГ                                      25.02.2019             Тотемский район, п. Юбилейный                  Электромонтер по ремонту и обслуживанию электрооборудования Юбилейного ЛПУМГ                                      25.02.2019             Тотемский район, п. Юбилейный                  Электромонтер по ремонту воздушных линий электропередачи Юбилейного ЛПУМГ                                      25.02.2019             Тотемский район, п. Юбилейный                  Такелажник Юбилейного ЛПУМГ                                      25.02.2019             Тотемский район, п. Юбилейный                  Слесарь-ремонтник Юбилейного ЛПУМГ                                      25.02.2019             Тотемский район, п. Юбилейный                  Слесарь механосборочных работ Юбилейного ЛПУМГ                                      25.02.2019             Княжпогостский район, п. Синдор                  Слесарь по КИП и А 6 разряда Службы АСУ, автоматики и телемеханики Синдорского ЛПУМГ                                      25.02.2019             Княжпогостский район, п. Синдор                  Электрогазосварщик 6 разряда участка сварочно-монтажных работ Синдорского ЛПУМГ                                      25.02.2019             Тотемский район, п. Юбилейный                  Приборист Юбилейного ЛПУМГ                                      25.02.2019             Сосногорский район, п. Малая Пера                  Приборист 4 / 5 разряда Сосногорского ЛПУМГ                                      25.02.2019             Шекснинский район, д. Прогресс                  Оператор технологических установок 4 разряда Шекснинского ЛПУМГ                                      25.02.2019             Княжпогостский район, п. Синдор                  Монтер по защите подземных трубопроводов от коррозии 5 разряда Синдорского ЛПУМГ                                      25.02.2019             г. Вуктыл                  Медицинская сестра врачебного здравпункта Вуктыльского ЛПУМГ                                      25.02.2019             г. Ухта                  Медицинская сестра                                      25.02.2019             Тотемский район, п. Юбилейный                  Машинист технологических компрессоров Юбилейного ЛПУМГ                                      25.02.2019             г. Ухта                  Инженер-программист 2 категории                                      25.02.2019             г. Ухта                  Инженер I / II категории службы строительного контроля                                      25.02.2019             г. Ухта                  Инженер 1 категории службы автоматизации и метрологического обеспечения                                      25.02.2019             г. Ухта                  Ведущий инженер по АСУ производством                                      25.02.2019             г. Ухта                  Ведущий инженер по АСУ производством                                      25.02.2019             Тотемский район, п.Юбилейный                  Инженер пожарной охраны Юбилейного ЛПУМГ                                      25.02.2019             г. Переславль-Залесский                  Инженер по безопасности движения автотракторной службы Переславского ЛПУМГ                                      25.02.2019             г. Ухта                  Ведущий инженер по автоматизированным системам управления производством                                      25.02.2019             г. Ухта                  Инженер 1 категории службы вахтовых перевозок                                      25.02.2019             Княжпогостский район, п. Синдор                  Инженер 1 категории Службы АСУ, автоматики и телемеханики Синдорского ЛПУМГ                                      25.02.2019             Княжпогостский район, п. Синдор                  Диспетчер диспетчерской службы Синдорского ЛПУМГ                                      25.02.2019             г. Ухта                  Врач-терапевт                                      25.02.2019             с. Нюксеница                  Заведующий здравпунктом - врач-терапевт Нюксенского ЛПУМГ                                      25.02.2019             г. Ухта                  Ведущий бухгалтер                   		  ‹‹‹ ‹  12  › ›››",,https://www.gazpromvacancy.ru/companies/gazprom-transgaz-ukhta-ooo/,
"Газпром добыча Иркутск, ООО",2019-03-07 17:05:40,"Ведущий инженер по комплектации оборудования Отдела материально-технического снабжения и комплектации электротехнических материалов и энергетического оборудования          Работодатель      Газпром добыча Иркутск, ООО      Дислокация      г. Иркутск      Регион                    Иркутская область                  Режим работы            Постоянная работа           Дата публикации                    26 февраля 2019 года                  ID вакансии      2768                     Обязанности       1. Обеспечение своевременной поставки материально-технических ресурсов   газопромыслового, бурового оборудования, трубопроводной арматуры и другой номенклатуры (далее МТР) для капитального строительства, ремонта, восстановления основных фондов и производственно-эксплуатационных нужд в соответствии с нормативно-техническими и распорядительными документами ПАО «Газпром»;2. Формирование сводных заявок на поставку МТР согласно заявкам подразделений и своевременное размещение заказов на приобретение МТР;3. Размещение потребности в МТР и защита заявок на оборудование и материалы в соответствующих управлениях централизованного поставщика, оформление протоколов согласования поставок по номенклатуре и срокам;4. Решение вопросов по замене оборудования и материалов на стадии защиты заявок, строительства, реконструкции, расширения, технического перевооружения действующих предприятий и (или) сооружений;5. Определение на конкурсной основе поставщиков оборудования строительных материалов и иных комплектующих, поставка которых по договору возложена на службу заказчика;6. Проведение работы по прогнозированию и анализу плановых и фактических объемов поставляемых МТР;7. Формирование плана поставок МТР по объектам капитального строительства с учетом выделенного лимита затрат, обоснование его корректировки при необходимости; 8. Подготовка предложений по корректировкам плана ремонтных работ с учетом ожидаемых сроков поставки МТР;9. Организация приемки, своевременного оприходования, доставки по назначению оборудования и материалов, оформление соответствующей документации для проведения входного контроля за качеством и количеством поступающих МТР совместно с соответствующими службами; 10. Организация и участие в проведении входного контроля поступающего оборудования; 11. Учет оборудования, требующего монтажа (поступление на склад, передача Подрядчику для монтажа, контроль остатков на складе);12. Проведение периодической сверки движения оборудования и материалов по пообъектным комплектовочным ведомостям с базами материально-технического снабжения;13. Участие в проведении ежегодной инвентаризации оборудования и материалов;14. Ведение работы по подготовке документов по претензионно-исковой работе с поставщиками за недопоставленную продукцию, просрочку поставок и поставку недоброкачественной продукции, нарушение ассортимента, по вопросам применения цен и возврата тары, участие, при необходимости, в рассмотрении арбитражных дел.                           Требования       1. Высшее профессиональное (техническое, экономическое) образование по направлению деятельности: специалитет, магистратура, бакалавриат;2. Стаж работы по специальности не менее 8-ми лет;3. Знание трудового законодательства Российской Федерации, законодательства Российской Федерации, в том числе профессиональных стандартов, по вопросам, относящимся к деятельности группы; 4. Хорошие знания технологий Microsoft Office, Excel.",Ведущий инженер по комплектации оборудования Отдела материально-технического снабжения и комплектации электротехнических материалов и энергетического оборудования,https://www.gazpromvacancy.ru/job/vedushchii-inzhener-po-komplektacii-oborudovanija-otdela-m-3/,"
              26 февраля 2019 года
            "
"Газпром добыча Иркутск, ООО",2019-03-07 17:05:44,"Заместитель начальника службы строительства скважин Инженерно-технического центра          Работодатель      Газпром добыча Иркутск, ООО      Дислокация      г. Иркутск      Регион                    Иркутская область                  Режим работы            Постоянная работа           Дата публикации                    26 февраля 2019 года                  ID вакансии      2769                     Обязанности       1. Организация технологического надзора и контроля при строительстве скважин всех назначений;2. Осуществление подготовки согласования планов работ подрядчикам при строительстве скважин (в том числе и на ликвидацию геологических осложнений);3. Участие в разработке мероприятий по внедрению новой техники и технологии строительства скважин;4. Участие в предпроектных, проектных и исследовательских работах в области строительства скважин;5. Организация контроля за своевременным и качественным выполнением исполнителями работ требований и указаний работников технологического надзора и контроля за строительством скважин, органов государственного надзора, органов корпоративного контроля в соответствии с проектными решениями;6. Организация составления планов и графиков работ по строительству скважин;7. Анализ информации о поломках бурового оборудования в ходе строительства скважин и объяснения их причин;8. Анализ технико-экономических показателей строительства скважин и выявление резервов с целью их повышения;9. Участие в проведении входного контроля оборудования и материалов в рамках своей компетенции;10. Приемка выполненных работ и оформление актов выполненных работ КС-2, КС-3.                           Требования       1. Высшее профессиональное (техническое) образование - специалитет, магистратура, бакалавриат;2. Стаж работы по специальности на инженерно-технических и руководящих должностях в области бурения не менее пяти лет;3. Знания трудового законодательства Российской Федерации, законодательных и нормативных правовых актов, регламентирующих деятельность службы, законодательных и нормативных правовых актов, методических материалов, регламентирующих деятельность службы;4. Хорошие знания технологий Microsoft, Excel.",Заместитель начальника службы строительства скважин Инженерно-технического центра,https://www.gazpromvacancy.ru/job/zamestitel-nachalnika-sluzhby-stroitelstva-skvazhin/,"
              26 февраля 2019 года
            "
"Газпром добыча Иркутск, ООО",2019-03-07 17:05:48,"Ведущий инженер отдела администрирования, сопровождения и развития локальных информационно-управляющих систем          Работодатель      Газпром добыча Иркутск, ООО      Дислокация      г. Иркутск      Регион                    Иркутская область                  Режим работы            Постоянная работа           Дата публикации                    26 февраля 2019 года                  ID вакансии      2770                     Обязанности       1. Обеспечение надежного и бесперебойного функционирования ИУС и иных бизнес-приложений, информационных и инфраструктурных служб вычислительного комплекса (ВК) системно-технической  инфраструктуры (СТИ) Общества;2. Обеспечение выполнения мероприятий по обслуживанию ВК СТИ в Обществе, ведения учетных записей пользователей ИУС, иных бизнес-приложений, информационных систем и инфраструктурных сервисов ВК СТИ Общества;3. Обеспечение технического обслуживания оборудования ВК СТИ Общества и его работоспособности;4. Обеспечение проведения ремонтных работ серверного оборудования внешними подрядчиками;5. Организация работ по установке, перемещению, замене серверного оборудования;6. Организация работы по модернизации и доукомплектованию серверного оборудования;7. Организация работы по системному обслуживанию ВК СТИ Общества: внедрение новых средств базового и прикладного программного обеспечения, установка лицензионного программного обеспечения;8. Обеспечение обновления программного обеспечения ВК СТИ Общества;9. Организация работы по сопровождению и систематическому обновлению информации на дистрибутивном сервере (сервер с дистрибутивной базой данных);10. Организация работы по разработке и поддержанию в актуальном состоянии таблиц разграничения доступа пользователей к информационным ресурсам ИУС;11. Организация работы по диагностике и тестированию серверного оборудования;12. Формирование потребности в новом серверном оборудовании, комплектующих, материалах и обеспечение их учета.                           Требования       1. Высшее профессиональное (техническое, экономическое) образование по направлению деятельности: специалитет, магистратура, бакалавриат;2. Стаж работы по специальности не менее 8-ми лет;3. Хорошие знания технологий Microsoft Office, архиваторов, антивирусного ПО.","Ведущий инженер отдела администрирования, сопровождения и развития локальных информационно-управляющих систем",https://www.gazpromvacancy.ru/job/vedushchii-inzhener-otdela-administrirovanija-soprovozhde/,"
              26 февраля 2019 года
            "
"Газпром добыча Иркутск, ООО",2019-03-07 17:05:52,"Ведущий инженер Отдела по строительству объектов энергетики, АСУ и технической связи Отделения по обустройству месторождений          Работодатель      Газпром добыча Иркутск, ООО      Дислокация      Жигаловский район      Регион                    Иркутская область                  Режим работы            Вахтовый метод           Дата публикации                    26 февраля 2019 года                  ID вакансии      2771                     Обязанности       1. Участие в подготовке договоров подряда (дополнительных соглашений) на строительство объектов, подготовка предложений и расчетов нормативной продолжительности строительства;2. Организация работы по рассмотрению в процессе строительства вопросов замены оборудования и материалов, согласованию этих замен с проектными институтами и эксплуатирующей организацией;3. Организация работы по выполнению подготовительных работ, получению в соответствующих органах необходимых согласований, разрешений и технических условий для проведения изысканий и проектирования;4. Организация работы по передаче подрядным организациям строительных площадок под строительство объектов;5. Организация работы по рассмотрению и принятию решений по предложениям о внесении изменений в рабочую документацию, связанных с введением в действие новых нормативных документов, уточнение ранее выданных проектных решений с учетом фактического состояния строительства;6. Организация работы по обеспечению сдачи оборудования под монтаж с оформлением соответствующих актов;7. Организация работы по проведению контроля монтажа оборудования, а также участию в опробовании установленного оборудования;8. Организация работы по проведению контроля качества строительно-монтажных работ, в том числе поставляемого оборудования, конструкций изделий и материалов, а также поэтапной оценке состояния выполненных работ;9. При крупнопанельном строительстве приемка работ поэтажно с составлением актов о правильности установки элементов сборных конструкций, плотности примыкания их к опорным плоскостям и друг к другу, качестве заделки швов, сварных соединений, коррозионной защиты.                           Требования       1. Высшее профессиональное образование по направлению деятельности - специалитет, магистратура;2. Стаж работы по специальности не менее 8-ми лет;3. Знание трудового законодательства Российской Федерации; законодательства Российской Федерации, в том числе профессиональных стандартов, по вопросам, относящимся к деятельности отдела; знание законодательных и нормативных правовых актов, регламентирующих деятельность отдела;4. Хорошие знания технологий Microsoft Office, Excel.","Ведущий инженер Отдела по строительству объектов энергетики, АСУ и технической связи Отделения по обустройству месторождений",https://www.gazpromvacancy.ru/job/vedushchii-inzhener-otdela-po-stroitelstvu-obektov-ehner/,"
              26 февраля 2019 года
            "
"Газпром добыча Иркутск, ООО",2019-03-07 17:05:57,"Начальник отдела технического регулирования и экспертизы проектов          Работодатель      Газпром добыча Иркутск, ООО      Дислокация      г. Иркутск      Регион                    Иркутская область                  Режим работы            Постоянная работа           Дата публикации                    26 февраля 2019 года                  ID вакансии      2772                     Обязанности       1. Организация выполнения экспертизы проектов; 2. Осуществление контроля выполнения договорных обязательств контрагентов по обеспечению выполнения полного комплекса объема работ, закрепленного отдельными этапами договоров;3. Обеспечение загрузки проектной документации и материалов инженерных изысканий в информационную систему ПАО «Газпром»;4. Участие в рассмотрении технических вопросов, возникающих в процессе проектирования и строительства, с привлечением при необходимости проектных институтов и эксплуатирующих организаций;5. Осуществление контроля внедрения новых технологий и оборудования, конструкций, материалов, рационализаторских предложений;6. Участие в рамках компетенции в ведомственной экспертизе проектной документации на соответствие требованиям пожарной безопасности, КИТСО и САЗ, технической и технологической безопасности с целью утверждения Инвестором проектной документации;7. Исполнение обязательств организациями по заключенным договорам, находящимся на контроле;8. Участие в планировании и координации сроков проведения экспертиз (на всех стадиях прохождения);9. Подготовка отчетности о ходе проведения экспертиз, своевременное информирование начальника Отдела в случае отклонения от плановых сроков.                           Требования       1. Высшее профессиональное (техническое) образование по направлению деятельности - специалитет, магистратура, бакалавриат;2. Стаж работы по специальности на инженерно-технических и руководящих должностях в строительстве не менее 5-ти лет;3. Знание трудового законодательства Российской Федерации; законодательства Российской Федерации, в том числе профессиональных стандартов, по вопросам, относящимся к деятельности отдела; законодательных и нормативных правовых актов, регламентирующих деятельность отдела;4. Хорошие знания технологий Microsoft Office, Excel.",Начальник отдела технического регулирования и экспертизы проектов,https://www.gazpromvacancy.ru/job/nachalnik-otdela-tekhnicheskogo-regulirovanija-i-ehksper/,"
              26 февраля 2019 года
            "
"Газпром добыча Иркутск, ООО",2019-03-07 17:06:00,"Заместитель начальника Отдела технического регулирования и экспертизы проектов          Работодатель      Газпром добыча Иркутск, ООО      Дислокация      г. Иркутск      Регион                    Иркутская область                  Режим работы            Постоянная работа           Дата публикации                    26 февраля 2019 года                  ID вакансии      2773                     Обязанности       1. Организация выполнения экспертизы проектов; 2. Осуществление контроля выполнения договорных обязательств контрагентов по обеспечению выполнения полного комплекса объема работ, закрепленного отдельными этапами договоров;3. Обеспечение загрузки проектной документации и материалов инженерных изысканий в информационную систему ПАО «Газпром»;4. Участие в рассмотрении технических вопросов, возникающих в процессе проектирования и строительства, с привлечением при необходимости проектных институтов и эксплуатирующих организаций;5. Осуществление контроля внедрения новых технологий и оборудования, конструкций, материалов, рационализаторских предложений;6. Участие в рамках компетенции в ведомственной экспертизе проектной документации на соответствие требованиям пожарной безопасности, КИТСО и САЗ, технической и технологической безопасности с целью утверждения Инвестором проектной документации;7. Исполнение обязательств организациями по заключенным договорам, находящимся на контроле;8. Участие в планировании и координации сроков проведения экспертиз (на всех стадиях прохождения);9. Подготовка отчетности о ходе проведения экспертиз, своевременное информирование начальника Отдела в случае отклонения от плановых сроков.                           Требования       1. Высшее профессиональное (техническое) образование по направлению деятельности - специалитет, магистратура, бакалавриат;2. Стаж работы по специальности на инженерно-технических и руководящих должностях в строительстве не менее 5-ти лет;3. Знание трудового законодательства Российской Федерации; законодательства Российской Федерации, в том числе профессиональных стандартов, по вопросам, относящимся к деятельности отдела; законодательных и нормативных правовых актов, регламентирующих деятельность отдела;4. Хорошие знания технологий Microsoft Office, Excel.",Заместитель начальника Отдела технического регулирования и экспертизы проектов,https://www.gazpromvacancy.ru/job/zamestitel-nachalnika-otdela-tekhnicheskogo-regulirov/,"
              26 февраля 2019 года
            "
"Отраслевой научно-исследовательский учебно-тренажерный центр ОАО ""Газпром""",2019-03-07 17:06:03,"Ведущий специалист          Работодатель      Отраслевой научно-исследовательский учебно-тренажерный центр ОАО ""Газпром""      Дислокация      г. Москва      Регион                    Москва                  Режим работы            Постоянная работа           Дата публикации                    27 февраля 2019 года                  ID вакансии      2273                     Обязанности       Разработка и переработка учебно-методических материалов для профессионального обучения персонала. Представление подготовленных материалов на рассмотрение, согласование и утверждение на уровне Департаментов ПАО ""Газпром"". Оказание информационной, консультационной и методической помощи работникам образовательных подразделений дочерних обществ ПАО «Газпром» по вопросам организации учебного процесса. Проведение подготовительной работы по организации методических совещаний, консультационных семинаров для работников образовательных подразделений дочерних обществ и организаций.                           Требования       Высшее образование. Профильный опыт работы не менее 3-х лет. Опытный пользователь ПК.",Ведущий специалист,https://www.gazpromvacancy.ru/job/vedushchii-specialist-4/,"
              27 февраля 2019 года
            "
,2019-03-07 17:06:06,"Отраслевой научно-исследовательский учебно-тренажерный центр ПАО ""Газпром""Совершенствование учебно-методической работы, форм и методов обучения в системе непрерывного фирменного профессионального образования персонала ПАО «Газпром» (СНФПО ПАО «Газпром»). Разработка стандартов профессионального обучения по основным профессиям отрасли и общетехническим предметам. Разработка положений, методических материалов по организации и проведению учебного процесса в системе непрерывного фирменного профессионального образования персонала в ПАО «Газпром». Разработка типовых комплектов учебно-программной документации по основным профессиям отрасли и общетехническим предметам. Проведение консультационных семинаров с работниками ОП ДО ПАО «Газпром». Обеспечение ОП ДО учебно-методическими материалами и учебно-наглядными пособиями, учебно-отчетной документацией, учебниками, нормативной литературой.       Вакансии:    1      		 	 	      Вакансии с %d по %d из %d                            27.02.2019             г. Москва                  Ведущий специалист",,https://www.gazpromvacancy.ru/companies/otraslevoi-nauchno-issledovatelskii-uchebno-trenazhern/,
"Газпром питание, ООО",2019-03-07 17:06:09,"Ведущий бухгалтер (расчеты по оплате труда)          Работодатель      Газпром питание, ООО      Дислокация      г. Москва      Регион                    Москва                  Режим работы            Постоянная работа           Дата публикации                    28 февраля 2019 года                  ID вакансии      2774                     Обязанности       1. Учет заработной платы, прочих начислений и выплат работникам;2. Расчет оценочных обязательств;3. Составление бухгалтерской отчетности;4. Сверка расчетов с ФСС, составление и сдача налоговой отчетности (6-НДФЛ, 2-НДФЛ и т.д.);5. Работа в системе ""Банк-Клиент"": создание, отправка платежей, контроль своевременности их оплаты.                           Требования       1. Высшее образование: экономическое, финансовое;2. Опыт работы бухгалтером от 3 лет;3. Знание бухгалтерского и налогового законодательства;4. Аналитический склад ума и умение работать в команде;5. Опытный пользователь компьютера, в т.ч. 1С, версия 3.",Ведущий бухгалтер (расчеты по оплате труда),https://www.gazpromvacancy.ru/job/vedushchii-bukhgalter-raschety-po-oplate-truda/,"
              28 февраля 2019 года
            "
"Газпром питание, ООО",2019-03-07 17:06:13,"Ведущий бухгалтер (учет ТМЦ)          Работодатель      Газпром питание, ООО      Дислокация      г. Москва      Регион                    Москва                  Режим работы            Постоянная работа           Дата публикации                    28 февраля 2019 года                  ID вакансии      2775                     Обязанности       1. Учет товарно-материальных ценностей и сырья в общественном питании;2. Учет материалов для хозяйственных нужд;3. Учет расчетов с дебиторами и кредиторами за товары, работы и услуги;4. Учет расчетов с подотчетными лицами.                           Требования       1. Высшее образование: экономическое, финансовое;2. Опыт работы бухгалтером от 3 лет;3. Знание бухгалтерского и налогового законодательства;4. Аналитический склад ума и умение работать в команде;5. Опытный пользователь компьютера, в т.ч. 1С, версия 3.",Ведущий бухгалтер (учет ТМЦ),https://www.gazpromvacancy.ru/job/vedushchii-bukhgalter-uchet-tmc/,"
              28 февраля 2019 года
            "
"ГАЗПРОМ, ПАО",2019-03-07 17:06:17,"Секретарь Управления           Работодатель      ГАЗПРОМ, ПАО      Дислокация      г. Санкт-Петербург      Регион                    Санкт-Петербург                  Режим работы            Постоянная работа           Дата публикации                    1 марта 2019 года                  ID вакансии      2127                     Обязанности       Получение в установленном порядке поступившей на имя руководителя корреспонденции, проверка комплектности и правильности оформления документов, передача их на рассмотрение руководства; Работа в системе автоматизации делопроизводства ПАО ""Газпром""; Организационно-техническое обеспечение работы приёмной и деятельности руководителя, подготовка необходимых материалов и документов; Контроль за своевременным рассмотрением и исполнением документов, поступивших ответственным исполнителям по поручению руководителя; Контроль за исполнением работниками приказов и распоряжений, а также за соблюдением сроков выполнения указаний и распоряжений руководителя, взятых на контроль; Организация проведения телефонных переговоров руководителя, фиксация и своевременное доведение до его сведения информации, полученной по всем имеющимся каналам связи; По указанию руководителя вызов и оповещение участников заседаний, совещаний о времени и месте проведения, повестке дня, проведение их регистрации; Подготовка совещаний, оформление протоколов и обеспечение их хранения; Ведение делопроизводства в установленном порядке; Обеспечение руководителя и работников Управления необходимыми канцелярскими товарами; Ведение табеля учета рабочего времени и графика отпусков работников; Подготовка документов на командирование руководителя; Организация и ведение конфиденциального делопроизводства.                           Требования       Высшее образование; Наличие профильного опыта работы не менее 3 лет в качестве секретаря/референта/помощника руководителя; Наличие опыта работы в крупных вертикально-интегрированных компаниях; Уверенное владение стандартным пакетом приложений MS Office; Наличие опыта работы в системах электронного документооборота; Готовность к ненормированному рабочему дню.",Секретарь Управления ,https://www.gazpromvacancy.ru/job/sekretar-upravlenija/,"
               1 марта 2019 года
            "
"ГАЗПРОМ, ПАО",2019-03-07 17:06:20,"Ведущий эксперт отдела реализации сделок с иностранными партнерами          Работодатель      ГАЗПРОМ, ПАО      Дислокация      г. Санкт-Петербург      Регион                    Санкт-Петербург                  Режим работы            Постоянная работа           Дата публикации                    1 марта 2019 года                  ID вакансии      2646                     Обязанности       Участие в реализации сделок слияний-поглощений (M&amp;A) и инвестиционных проектов; Построение финансовых моделей и оценка; Координация работы консультантов, дочерних обществ, подразделений компании в рамках сделок и инвестиционных проектов; Обеспечение корпоративного управления в отношении совместных предприятий; Подготовка аналитических материалов для руководства на английском и русском языках.                           Требования       Высшее образование; Наличие опыта работы в сфере финансов не менее 3 лет; Наличие опыта построения финансовых моделей, оценки бизнеса и инвестиционных проектов; Наличие сертификата CFA или сданных экзаменов будет преимуществом; Свободное владение английским языком.",Ведущий эксперт отдела реализации сделок с иностранными партнерами,https://www.gazpromvacancy.ru/job/vedushchii-ehkspert-otdela-realizacii-sdelok-s-inostranny/,"
               1 марта 2019 года
            "
"ГАЗПРОМ, ПАО",2019-03-07 17:06:24,"Главный эксперт отдела развития проектов малотоннажного СПГ          Работодатель      ГАЗПРОМ, ПАО      Дислокация      г. Санкт-Петербург      Регион                    Санкт-Петербург                  Режим работы            Постоянная работа           Дата публикации                    1 марта 2019 года                  ID вакансии      2648                     Обязанности       Подготовка, согласование и сопровождение договоров связанных с экспортной реализацией, хранением и транспортировкой СПГ; Организация оперативного взаимодействия с покупателями СПГ, транспортными компаниями и организациями, эксплуатирующими заводы по производству СПГ, по вопросам реализации, хранения и транспортировки СПГ; Оценка экономической эффективности проектов и деятельности в области производства, транспортировки, хранения и сбыта СПГ; Сопровождение договоров в специализированных программах бухгалтерского учета, взаимодействие с бухгалтерской службой; Координация и контроль эффективности коммерческой деятельности дочерних и зависимых обществ ПАО «Газпром» по основным направлениям деятельности отдела; Взаимодействие с потенциальными партнерами (в том числе зарубежными) по основным направлениям деятельности отдела.                           Требования       Высшее образование; Наличие опыта работы в сфере реализации сырьевых товаров и продуктов переработки (углеводороды, уголь, металлы, продукты химии и т.п.) не менее 5 лет; Наличие опыта подготовки, согласования и сопровождения договоров по реализации продукции, оказанию услуг; Желательно наличие опыта работы по одному (или более) из следующих направлений: реализация газов, нефти или нефтепродуктов; реализация и управление проектами; работа с финансовыми моделями; Свободное владение английским языком.",Главный эксперт отдела развития проектов малотоннажного СПГ,https://www.gazpromvacancy.ru/job/glavnyi-ehkspert-otdela-razvitija-proektov-malotonnazhn/,"
               1 марта 2019 года
            "
"Газпром добыча Иркутск, ООО",2019-03-07 17:06:28,"Начальник отдела системно-технической поддержки пользователей          Работодатель      Газпром добыча Иркутск, ООО      Дислокация      г. Иркутск      Регион                    Иркутская область                  Режим работы            Постоянная работа           Дата публикации                    4 марта 2019 года                  ID вакансии      2776                     Обязанности       1. Организация системного обслуживания ЭВМ пользователей: внедрение новых средств базового и прикладного программного обеспечения, установка лицензионного программного обеспечения на ЭВМ пользователей;2. Организация обновления программного обеспечения рабочих станций;3. Организация сопровождения и систематического обновления информации на дистрибутивном сервере (сервер с дистрибутивной базой данных);4. Эксплуатация средств и систем защиты информации ИУС за исключением технических и программных систем и средств обеспечения сетевой безопасности сети передачи данных (средства межсетевого экранирования, обнаружения и предотвращения вторжений и сетевых атак, средства построения защищенных виртуальных сетей);5. Участие в анализе защищенности информационных ресурсов;6. Организация учета и контроля фонда стандартного и прикладного программного обеспечения, установленного на рабочих местах пользователей;7. Участие в заключении договоров по закупке новых технических средств, подготовка необходимых материалов и спецификаций;8. Участие в экспертизе технических заданий, проектных решений на соответствие документам, регулирующим вопросы информационной безопасности.                           Требования       1. Высшее профессиональное (техническое) образование по направлению деятельности;2. Стаж работы на инженерно-технических и руководящих должностях по специальности не менее 5-ти лет;3. Хорошие знания технологий Microsoft Office, архиваторов, антивирусного ПО, базовых сетевых технологий: модель OSI, IP- адресация, маска, шлюз, маршрутизация, умение работать с командной строкой.",Начальник отдела системно-технической поддержки пользователей,https://www.gazpromvacancy.ru/job/nachalnik-otdela-sistemno-tekhnicheskoi-podderzhki-pol/,"
               4 марта 2019 года
            "
"Газпром добыча Иркутск, ООО",2019-03-07 17:06:32,"Ведущий юрисконсульт Группы договоров, правового обеспечения Управление ОВОФ          Работодатель      Газпром добыча Иркутск, ООО      Дислокация      г. Иркутск      Регион                    Иркутская область                  Режим работы            Постоянная работа           Дата публикации                    4 марта 2019 года                  ID вакансии      2777                     Обязанности       1. Правовая экспертиза проектов договоров на выполнение проектных и изыскательских работ, в том числе на подготовку проектной, сметной, проектно-сметной документации, договоров на добычу ОПИ, договоров подряда на строительство, реконструкцию, расширение, техническое перевооружение, иных видов договоров, относящихся к производственной деятельности Управления организации восстановления, реконструкции и строительства основных фондов;2. Защита нарушенных или оспариваемых прав и имущественных интересов Общества по спорам, связанным с исполнением договоров;3. Подготовка заключения по вопросам договорного сопровождения производственной деятельности Управления, в том числе по правовой экспертизе документов, связанных с договорным сопровождением производственной деятельности Общества по вопросам, находящимся в компетенции Управления;4. Ведение претензионной работы по вопросам, находящимся в компетенции Управления;5. Своевременная подготовка возражения по делам об административных правонарушениях: о нарушении градостроительного, земельного, лесного, законодательства в отношении Общества и ПАО «Газпром»;6. Подготовка необходимых документов, подтверждающих факт неисполнения или ненадлежащего исполнения обязательств контрагентом по договорам, относящимся к производственной деятельности Управления, определение размера задолженности, неустойки или убытков, причиненных Обществу;7. Осуществление методического руководства при заключении проектов договоров и образцов типовых договоров, связанных с производственной деятельностью Управления.                           Требования       1. Высшее профессиональное (юридическое) образование по направлению деятельности — специалитет, магистратура;2. Стаж работы по специальности не менее 5-ти (пяти) лет;3. Знания трудового, гражданского и налогового законодательства Российской Федерации;  законодательства Российской Федерации, в том числе профессиональных стандартов, по вопросам, относящимся к деятельности группы; 4. Знание программ: Консультант Плюс, Гарант Плюс, знания работы с ПК в совершенстве.","Ведущий юрисконсульт Группы договоров, правового обеспечения Управление ОВОФ",https://www.gazpromvacancy.ru/job/vedushchii-juriskonsult-gruppy-dogovorov-pravovogo-obes/,"
               4 марта 2019 года
            "
"Газпром добыча Иркутск, ООО",2019-03-07 17:06:35,"Ведущий экономист Отдела планирования капитальных вложений и затрат Управления ОВОФ          Работодатель      Газпром добыча Иркутск, ООО      Дислокация      г. Иркутск      Регион                    Иркутская область                  Режим работы            Постоянная работа           Дата публикации                    4 марта 2019 года                  ID вакансии      2778                     Обязанности       1. Контроль расходования средств выделенных лимитов капитальных вложений, дебиторской и кредиторской задолженности;2. Ежемесячный мониторинг выполнения показателей, утвержденных планом капитальных вложений в разрезе объектов в составе инвестиционных проектов по видам затрат;3. Участие в формировании и предоставлении данных о ходе строительства инвестиционных объектов в программном комплексе Infoplan;4. Участие в оформлении дополнительных соглашений к договорам на реализацию инвестиционных проектов (составление титулов строек, перечней объектов и затрат, входящих в инвестиционные проекты);5. Участие в формировании и утверждении календарно-сетевых графиков реализации инвестиционных проектов и подготовке отчетности о ходе строительства, выполнении графиков и календарных планов;6. Корректировка и актуализация справочников в программном комплексе КХД на базе КПЭ;7. Оперативный и статистический учет, представление в установленном порядке отчетности;8. Участие в разработке и внедрении рациональных унифицированных форм плановой, учетной и отчетной документации, а также внедрении средств автоматизации в сфере планирования, учета и экономического анализа;9. Обеспечение формирования отчетности в информационно – управляющей системе инвестициями (далее – ИУС И): формирование возвратного плана капитального строительства в соответствии с утвержденными лимитами капитальных вложений; формирование плана финансирования капитального строительства; ввод данных о ходе реализации инвестиционных проектов (освоение капитальных вложений, финансирование инвестиционных проектов) по форме отчета ДИС-91.                           Требования       1. Высшее профессиональное (экономическое) образование по направлению деятельности - специалитет, магистратура, бакалавриат;2. Стаж работы по специальности не менее 8-ми лет;3. Знание трудового законодательства Российской Федерации, законодательства Российской Федерации, в том числе профессиональных стандартов, по вопросам, относящимся к профессиональной деятельности; 4. Хорошие знания технологий Microsoft, Excel.",Ведущий экономист Отдела планирования капитальных вложений и затрат Управления ОВОФ,https://www.gazpromvacancy.ru/job/vedushchii-ehkonomist-otdela-planirovanija-kapitalnykh-vl/,"
               4 марта 2019 года
            "
"Газпром добыча Иркутск, ООО",2019-03-07 17:06:39,"Начальник отдела по строительству объектов энергетики, АСУ и технической связи Отделения по обустройству месторождений          Работодатель      Газпром добыча Иркутск, ООО      Дислокация      г. Иркутск      Регион                    Иркутская область                  Режим работы            Постоянная работа           Дата публикации                    4 марта 2019 года                  ID вакансии      2779                     Обязанности       1. Организация работы по получению документации для подготовки строительного производства (документов на право пользования землей, разрешений на выполнение строительно-монтажных работ, технической документации на геодезическую разбивочную основу для строительства, решений об отводе мест для складирования излишнего грунта и плодородного слоя почвы, необходимых для рекультивации земель и т.п.);2. Участие в подготовке договоров подряда (дополнительных соглашений) на строительство объектов, подготовка предложений и расчетов нормативной продолжительности строительства;3. Организация работы по рассмотрению в процессе строительства вопросов замены оборудования и материалов, согласованию этих замен с проектными институтами и эксплуатирующей организацией;4. Организация работы по выполнению подготовительных работ, получению в соответствующих органах необходимых согласований, разрешений и технических условий для проведения изысканий и проектирования;5. Организация работы по передаче подрядным организациям строительных площадок под строительство объектов;6. Организация работы по рассмотрению и принятию решений по предложениям о внесении изменений в рабочую документацию, связанных с введением в действие новых нормативных документов, уточнение ранее выданных проектных решений с учетом фактического состояния строительства;7. Организация работы по обеспечению сдачи оборудования под монтаж с оформлением соответствующих актов;8. Организация работы по проведению контроля монтажа оборудования, а также участию в опробовании установленного оборудования;9. Организация работы по проведению контроля качества строительно-монтажных работ, в том числе поставляемого оборудования, конструкций изделий и материалов, а также поэтапной оценке состояния выполненных работ;10. При крупнопанельном строительстве приемка работ поэтажно с составлением актов о правильности установки элементов сборных конструкций, плотности примыкания их к опорным плоскостям и друг к другу, качестве заделки швов, сварных соединений, коррозионной защиты.                           Требования       1. Высшее профессиональное (техническое, экономическое) образование по направлению деятельности - специалитет, магистратура, бакалавриат;2. Стаж работы по специальности на инженерно-технических и руководящих должностях по специальности не менее 5 лет;3. Знание трудового законодательства Российской Федерации, законодательства Российской Федерации, в том числе профессиональных стандартов, по вопросам, относящимся к деятельности группы; 4. Хорошие знания технологий Microsoft Office, Excel.","Начальник отдела по строительству объектов энергетики, АСУ и технической связи Отделения по обустройству месторождений",https://www.gazpromvacancy.ru/job/nachalnik-otdela-po-stroitelstvu-obektov-ehnergetik/,"
               4 марта 2019 года
            "
"Газпром питание, ООО",2019-03-07 17:06:42,"Ведущий специалист Службы ИУС (администрирование ИТ-инфраструктуры)          Работодатель      Газпром питание, ООО      Дислокация      г. Москва      Регион                    Москва                  Режим работы            Постоянная работа           Дата публикации                    5 марта 2019 года                  ID вакансии      2629                     Обязанности       1. Администрирование на базе ОС Linux: прокси-сервер squid, корпоративная почта;2. Администрирование сетевой инфраструктуры: Cisco ASA 5505, Cisco 2960, Huawei S5720;3. Администрирование систем виртуализации: Vmware;4. Обеспечение информационной безопасности в рамках своей ответственности. Разграничение прав доступа;5. Создание документации, регламентов, документирование изменений, писем и т.д. в рамках выполняемых задач.                           Требования       1. Образование высшее, желательно профильное / техническое.  Опыт аналогичной работы от 2-х лет;2. Опыт администрирования оборудования: Cisco, Huawei;3. Опыт администрирования: 1С и MS SQL;4. Опыт администрирования виртуальных машин на базе VM Ware;5. Опыт администрирования семейства Linux;6. Опыт администрирования MS Windows server является преимуществом.",Ведущий специалист Службы ИУС (администрирование ИТ-инфраструктуры),https://www.gazpromvacancy.ru/job/vedushchii-specialist-sluzhby-ius-administrirovanie-it-i/,"
               5 марта 2019 года
            "
,2019-03-07 17:06:45,"Газпром питание, ОООООО ""Газпром питание"" - дочернее общество инфраструктуры ПАО ""Газпром"", являющееся оператором корпоративного питания для организаций Группы Газпром.       Вакансии:    6      		 	 	      Вакансии с %d по %d из %d                            05.03.2019             г. Москва                  Ведущий специалист Службы ИУС (администрирование ИТ-инфраструктуры)                                      28.02.2019             г. Москва                  Ведущий бухгалтер (учет ТМЦ)                                      28.02.2019             г. Москва                  Ведущий бухгалтер (расчеты по оплате труда)                                      23.01.2019             г. Москва                  Кондитер                                      23.01.2019             г. Москва                  Повар                                      07.12.2017             г. Москва                  Начальник отдела внутреннего аудита",,https://www.gazpromvacancy.ru/companies/gazprom-pitanie-ooo/,
"ГАЗПРОМ, ПАО",2019-03-07 17:06:50,"Главный эксперт отдела реализации сделок с иностранными партнерами          Работодатель      ГАЗПРОМ, ПАО      Дислокация      г. Санкт-Петербург      Регион                    Санкт-Петербург                  Режим работы            Постоянная работа           Дата публикации                    7 марта 2019 года                  ID вакансии      2647                     Обязанности       Участие в реализации сделок слияний-поглощений (M&amp;A) и инвестиционных проектов; Построение финансовых моделей и оценка; Координация работы консультантов, дочерних обществ, подразделений компании в рамках сделок и инвестиционных проектов; Обеспечение корпоративного управления в отношении совместных предприятий; Подготовка аналитических материалов для руководства на английском и русском языках.                           Требования       Высшее образование; Наличие опыта работы в сфере финансов не менее 5 лет; Наличие опыта построения финансовых моделей, оценки бизнеса и инвестиционных проектов; Наличие сертификата CFA или сданных экзаменов будет преимуществом; Свободное владение английским языком.",Главный эксперт отдела реализации сделок с иностранными партнерами,https://www.gazpromvacancy.ru/job/glavnyi-ehkspert-otdela-realizacii-sdelok-s-inostranny/,"
               7 марта 2019 года
            "
"Газпром добыча Иркутск, ООО",2019-03-07 17:06:54,"Ведущий инженер по надзору за строительством Службы строительного контроля ИТЦ          Работодатель      Газпром добыча Иркутск, ООО      Дислокация      Жигаловский район      Регион                    Иркутская область                  Режим работы            Вахтовый метод           Дата публикации                    7 марта 2019 года                  ID вакансии      2780                     Обязанности       1. Контроль приемки материалов и оборудования, их транспортировки и складирования;2. Контроль приемки и хранения сварочных, изоляционных и других материалов, конструкций и оборудования;3. Участие в рассмотрении договоров подряда на строительство, реконструкцию объектов добычи и подготовки к транспорту углеводородов;4. Осуществление строительного контроля согласно разработанным методикам, регламентам, инструкциям и иным нормативным документам, утверждённым руководством Общества. Ведение постоянного контроля объёма, качества и соответствия проекту выполняемых строительно-монтажных работ (далее – СМР), качества поступающих материально-технических ресурсов (далее – МТР), выполнения договорных обязательств подрядными организациями;5. Проверка исполнительной документации;6. Приемка выполненных скрытых работ и подписание актов освидетельствования скрытых работ;7. Приемка выполненных работ по форме акта приемки выполненных работ КС-2 у подрядных организаций;8. Выдача подрядчику замечаний (предложений) с записью их в Общем журнале работ, оформляемом в соответствии с РД 11-05-2007 «Порядок ведения общего и (или) специального журнала учета выполнения работ при строительстве, реконструкции, капитальном ремонте объектов капитального строительства», «Журнале замечаний и предложений по ведению СМР», оформляемом в соответствии с ведомственными строительными нормами ВСН 012-88 «Строительство магистральных и промысловых трубопроводов».9. Координация действий подрядчиков по строительству и вводу объектов в установленные сроки;10. Участие  в подготовке документов на законченные строительством объекты, необходимых для работы приёмочной комиссии по вводу объектов в эксплуатацию.                           Требования       1. Высшее профессиональное (экономическое) образование по направлению деятельности - специалитет, магистратура, бакалавриат;2. Стаж работы по специальности не менее 8-ми лет;3. Знание трудового законодательства Российской Федерации, законодательства Российской Федерации, в том числе профессиональных стандартов, по вопросам, относящимся к профессиональной деятельности; 4. Хорошие знания технологий Microsoft, Excel.",Ведущий инженер по надзору за строительством Службы строительного контроля ИТЦ,https://www.gazpromvacancy.ru/job/vedushchii-inzhener-po-nadzoru-za-stroitelstvom-sluzhby-s/,"
               7 марта 2019 года
            "
,2019-03-07 17:06:57,"Газпром добыча Иркутск, ОООООО ""Газпром добыча Иркутск"" образовано 25 октября 2000 года. Основными направлениями деятельности являются:            геологоразведочные работы в области изучения недр;добыча природного газа и газового конденсата;производство и распределение газообразного топлива;строительство зданий и сооружений;транспортировка, хранение и складирование газа и продуктов его переработки.Кадровая политика Общества направлена на достижение стратегических целей ООО ""Газпром добыча Иркутск"" и ОАО ""Газпром"" в Восточной Сибири через формирование высокопрофессионального коллектива, создание экономических стимулов и социальных гарантий.       Вакансии:    63      		  ‹‹‹ ‹  123  › ›››  	 	      Вакансии с %d по %d из %d                            04.03.2019             г. Иркутск                  Начальник отдела по строительству объектов энергетики, АСУ и технической связи Отделения по обустройству месторождений                                      04.03.2019             г. Иркутск                  Ведущий экономист Отдела планирования капитальных вложений и затрат Управления ОВОФ                                      04.03.2019             г. Иркутск                  Ведущий юрисконсульт Группы договоров, правового обеспечения Управление ОВОФ                                      04.03.2019             г. Иркутск                  Начальник отдела системно-технической поддержки пользователей                                      26.02.2019             г. Иркутск                  Заместитель начальника Отдела технического регулирования и экспертизы проектов                                      26.02.2019             г. Иркутск                  Начальник отдела технического регулирования и экспертизы проектов                                      26.02.2019             Жигаловский район                  Ведущий инженер Отдела по строительству объектов энергетики, АСУ и технической связи Отделения по обустройству месторождений                                      26.02.2019             г. Иркутск                  Ведущий инженер отдела администрирования, сопровождения и развития локальных информационно-управляющих систем                                      26.02.2019             г. Иркутск                  Заместитель начальника службы строительства скважин Инженерно-технического центра                                      26.02.2019             г. Иркутск                  Ведущий инженер по комплектации оборудования Отдела материально-технического снабжения и комплектации электротехнических материалов и энергетического оборудования                                      05.02.2019             Жигаловский район                  Инженер 1-й категории Лаборатории неразрушающего контроля Инженерно-технического центра                                      05.02.2019             Жигаловский район                  Ведущий инженер Отдела строительства дорог и инженерной подготовки Отделения по обустройству месторождения                                      05.02.2019             г. Иркутск                  Ведущий инженер по бурению Отдела внутрискважинных работ Службы строительства скважин ИТЦ                                      05.02.2019             Жигаловский район                  Ведущий инженер Службы связи Инженерно-технического центра                                      05.02.2019             Жигаловский район                  Ведущий маркшейдер Управления организации восстановления, реконструкции и строительства основных фондов                                      05.02.2019             г. Иркутск                  Ведущий специалист Отдела экономической безопасности Службы корпоративной защиты                                      01.02.2019             г. Иркутск                  Руководитель группы организации логистики Службы материально-технического снабжения и комплектации                                      01.02.2019             Жигаловский район                  Заместитель начальника Отдела по строительству объектов энергетики, АСУ и технической связи Отделения по обустройству месторождений                                      01.02.2019             г. Иркутск                  Ведущий инженер Группы охраны труда и промышленной безопасности                                      01.02.2019             г. Иркутск                  Руководитель группы Производственно-диспетчерской группы Отделения по обустройству месторождения                                      01.02.2019             Жигаловский район                  Ведущий инженер Лаборатории неразрушающего контроля Инженерно-технического центра                                      01.02.2019             г. Иркутск                  Ведущий инженер Отдела системно-технической поддержки пользователей                                      01.02.2019             г. Иркутск                  Начальник отдела материально-технического снабжения и комплектации контрольно-измерительных приборов и автоматики и автоматизированных систем управления технологическими процессами (КИПиА и АСУТП)                                      01.02.2019             г. Иркутск                  Начальник отдела строительства дорог и инженерной подготовки Отделения по обустройству месторождения                                      01.02.2019             г. Иркутск                  Начальник отдела регистрации прав собственности и оформления ввода объектов в эксплуатацию                                      31.01.2019             г. Иркутск                  Ведущий инженер Группы организации пуско-наладочных работ                                      31.01.2019             г. Иркутск                  Ведущий инженер Отдела технического регулирования и экспертизы проектов                                      31.01.2019             г. Иркутск                  Заместитель начальника Производственного отдела сводных подрядных работ                                      31.01.2019             г. Иркутск                  Заместитель начальника Отдела регистрации прав собственности и оформления ввода объектов в эксплуатацию                                      31.01.2019             г. Иркутск                  Ведущий инженер по проектно-сметной работе Отдела ценообразования, смет и сводных сметных расчетов                   		  ‹‹‹ ‹  123  › ›››",,https://www.gazpromvacancy.ru/companies/gazprom-dobycha-irkutsk-ooo/,
"ГАЗПРОМ, ПАО",2019-03-07 17:07:02,"Главный экономист отдела кредитов и гарантий          Работодатель      ГАЗПРОМ, ПАО      Дислокация      г. Санкт-Петербург      Регион                    Санкт-Петербург                  Режим работы            Постоянная работа           Дата публикации                    7 марта 2019 года                  ID вакансии      2671                     Обязанности       Подготовка, согласование в службах Общества и организация подписания документации по кредитам ПАО «Газпром», подготовка документов для выполнения предварительных условий, получение корпоративных одобрений; Взаимодействие с банками-кредиторами, формирование запросов предложений, анализ ценовых условий, структурирование и согласование условий сделок по привлечению двусторонних, клубных, синдицированных кредитов, а также кредитов под гарантии зарубежных экспортных кредитных агентств; Согласование условий привлечения финансирования дочерними и зависимыми обществами, анализ кредитной документации дочерних обществ, расчет величины вознаграждения за поручительство, согласование в службах Общества и организация подписания документации по поручительствам ПАО «Газпром», отчетность по договорам поручительства; Подготовка, согласование в службах Общества анкет KYC («Знай своего клиента») банков-кредиторов.                           Требования       Высшее экономическое образование; Наличие профильного опыта работы в банковских структурах или в подразделениях компаний реального сектора, связанных с работой с банками не менее 5 лет; Знание кредитных продуктов для корпоративных клиентов или продуктов торгового финансирования; Свободное владение английским языком.",Главный экономист отдела кредитов и гарантий,https://www.gazpromvacancy.ru/job/glavnyi-ehkonomist-otdela-kreditov-i-garantii/,"
               7 марта 2019 года
            "
"ГАЗПРОМ, ПАО",2019-03-07 17:07:05,"Главный экономист отдела по работе с инвесторами          Работодатель      ГАЗПРОМ, ПАО      Дислокация      г. Санкт-Петербург      Регион                    Санкт-Петербург                  Режим работы            Постоянная работа           Дата публикации                    7 марта 2019 года                  ID вакансии      2678                     Обязанности       Работа с подразделениями Компании по сбору, анализу, интерпретации и подготовке к презентации операционной и финансовой информации. Проверка качества и сопоставимости предоставляемой информации; Аналитическая обработка финансовых и производственных данных для подготовки презентационных материалов, ответов на запросы инвесторов; Анализ финансовой отчётности (МСФО, РСБУ, анализ финансово-экономического состояния, факторный анализ, расчёт коэффициентов и показателей); Подготовка материалов (слайдов) для презентации для инвесторов, оформление слайдов в Power Point; Сбор и анализ информации по различным российским и международным рынкам (рынки энергоресурсов, финансовые рынки) и компаниям (нефтегазовые компании, электроэнергетика и т.п.); Подготовка аналитических записок для руководства по вопросам, связанным с финансовым состоянием и финансово-экономической политикой компании, финансовыми рынками, прогнозами экономических показателей компании и отрасли; Работа с рейтинговыми агентствами (подготовка материалов, организация встреч, анализ рейтинговых отчётов и методологии); Подготовка встреч с инвесторами, road show, конференций; Участие во встречах с инвесторами, рейтинговыми агентствами.                           Требования       Высшее экономическое образование; Наличие профильного опыта работы не менее 5 лет в области финансового и инвестиционного анализа; Владение навыками финансового моделирования; Понимание ключевых вопросов оценки стоимости, отчётности МСФО; Желательно наличие сертификата CFA (CFA candidate); Свободное владение английским языком; Продвинутый уровень владения Ms Excel и Ms PowerPoint.",Главный экономист отдела по работе с инвесторами,https://www.gazpromvacancy.ru/job/glavnyi-ehkonomist-otdela-po-rabote-s-investorami/,"
               7 марта 2019 года
            "
